Year,COMMENT_OBS,SOURCE_DETAIL,COMPOSITE_BREAKDOWN,Value
2016,"WHO standard questionaire for IHR Annual reporting from years 2010 to 2017,  data collected available at WHO e-SPAR database (https://extranet.who.int/e-spar/ ), WHO Global Health Observatory (https://www.who.int/data/gho/data/themes/international-health-regulations-(2005)-monitoring-framework ) and the WHO Strategic Partnership for Health Security and Emergency Preparedness (SPH) Portal (https://extranet.who.int/sph/home )","IHR National Self-Assessment and reports received and available at WHO e-SPAR database (https://extranet.who.int/e-spar/ ), WHO Global Health Observatory (https://www.who.int/data/gho/data/themes/international-health-regulations-(2005)-monitoring-framework ) and  the WHO Strategic Partnership for Health Security and Emergency Preparedness (SPH) Portal (https://extranet.who.int/sph/home )",IHR_01,100
2017,"WHO standard questionaire for IHR Annual reporting from years 2010 to 2017,  data collected available at WHO e-SPAR database (https://extranet.who.int/e-spar/ ), WHO Global Health Observatory (https://www.who.int/data/gho/data/themes/international-health-regulations-(2005)-monitoring-framework ) and the WHO Strategic Partnership for Health Security and Emergency Preparedness (SPH) Portal (https://extranet.who.int/sph/home )","IHR National Self-Assessment and reports received and available at WHO e-SPAR database (https://extranet.who.int/e-spar/ ), WHO Global Health Observatory (https://www.who.int/data/gho/data/themes/international-health-regulations-(2005)-monitoring-framework ) and  the WHO Strategic Partnership for Health Security and Emergency Preparedness (SPH) Portal (https://extranet.who.int/sph/home )",IHR_01,100
2016,"WHO standard questionaire for IHR Annual reporting from years 2010 to 2017,  data collected available at WHO e-SPAR database (https://extranet.who.int/e-spar/ ), WHO Global Health Observatory (https://www.who.int/data/gho/data/themes/international-health-regulations-(2005)-monitoring-framework ) and the WHO Strategic Partnership for Health Security and Emergency Preparedness (SPH) Portal (https://extranet.who.int/sph/home )","IHR National Self-Assessment and reports received and available at WHO e-SPAR database (https://extranet.who.int/e-spar/ ), WHO Global Health Observatory (https://www.who.int/data/gho/data/themes/international-health-regulations-(2005)-monitoring-framework ) and  the WHO Strategic Partnership for Health Security and Emergency Preparedness (SPH) Portal (https://extranet.who.int/sph/home )",IHR_02,90
2017,"WHO standard questionaire for IHR Annual reporting from years 2010 to 2017,  data collected available at WHO e-SPAR database (https://extranet.who.int/e-spar/ ), WHO Global Health Observatory (https://www.who.int/data/gho/data/themes/international-health-regulations-(2005)-monitoring-framework ) and the WHO Strategic Partnership for Health Security and Emergency Preparedness (SPH) Portal (https://extranet.who.int/sph/home )","IHR National Self-Assessment and reports received and available at WHO e-SPAR database (https://extranet.who.int/e-spar/ ), WHO Global Health Observatory (https://www.who.int/data/gho/data/themes/international-health-regulations-(2005)-monitoring-framework ) and  the WHO Strategic Partnership for Health Security and Emergency Preparedness (SPH) Portal (https://extranet.who.int/sph/home )",IHR_02,90
2016,"WHO standard questionaire for IHR Annual reporting from years 2010 to 2017,  data collected available at WHO e-SPAR database (https://extranet.who.int/e-spar/ ), WHO Global Health Observatory (https://www.who.int/data/gho/data/themes/international-health-regulations-(2005)-monitoring-framework ) and the WHO Strategic Partnership for Health Security and Emergency Preparedness (SPH) Portal (https://extranet.who.int/sph/home )","IHR National Self-Assessment and reports received and available at WHO e-SPAR database (https://extranet.who.int/e-spar/ ), WHO Global Health Observatory (https://www.who.int/data/gho/data/themes/international-health-regulations-(2005)-monitoring-framework ) and  the WHO Strategic Partnership for Health Security and Emergency Preparedness (SPH) Portal (https://extranet.who.int/sph/home )",IHR_03,85
2017,"WHO standard questionaire for IHR Annual reporting from years 2010 to 2017,  data collected available at WHO e-SPAR database (https://extranet.who.int/e-spar/ ), WHO Global Health Observatory (https://www.who.int/data/gho/data/themes/international-health-regulations-(2005)-monitoring-framework ) and the WHO Strategic Partnership for Health Security and Emergency Preparedness (SPH) Portal (https://extranet.who.int/sph/home )","IHR National Self-Assessment and reports received and available at WHO e-SPAR database (https://extranet.who.int/e-spar/ ), WHO Global Health Observatory (https://www.who.int/data/gho/data/themes/international-health-regulations-(2005)-monitoring-framework ) and  the WHO Strategic Partnership for Health Security and Emergency Preparedness (SPH) Portal (https://extranet.who.int/sph/home )",IHR_03,90
2016,"WHO standard questionaire for IHR Annual reporting from years 2010 to 2017,  data collected available at WHO e-SPAR database (https://extranet.who.int/e-spar/ ), WHO Global Health Observatory (https://www.who.int/data/gho/data/themes/international-health-regulations-(2005)-monitoring-framework ) and the WHO Strategic Partnership for Health Security and Emergency Preparedness (SPH) Portal (https://extranet.who.int/sph/home )","IHR National Self-Assessment and reports received and available at WHO e-SPAR database (https://extranet.who.int/e-spar/ ), WHO Global Health Observatory (https://www.who.int/data/gho/data/themes/international-health-regulations-(2005)-monitoring-framework ) and  the WHO Strategic Partnership for Health Security and Emergency Preparedness (SPH) Portal (https://extranet.who.int/sph/home )",IHR_04,100
2017,"WHO standard questionaire for IHR Annual reporting from years 2010 to 2017,  data collected available at WHO e-SPAR database (https://extranet.who.int/e-spar/ ), WHO Global Health Observatory (https://www.who.int/data/gho/data/themes/international-health-regulations-(2005)-monitoring-framework ) and the WHO Strategic Partnership for Health Security and Emergency Preparedness (SPH) Portal (https://extranet.who.int/sph/home )","IHR National Self-Assessment and reports received and available at WHO e-SPAR database (https://extranet.who.int/e-spar/ ), WHO Global Health Observatory (https://www.who.int/data/gho/data/themes/international-health-regulations-(2005)-monitoring-framework ) and  the WHO Strategic Partnership for Health Security and Emergency Preparedness (SPH) Portal (https://extranet.who.int/sph/home )",IHR_04,100
2016,"WHO standard questionaire for IHR Annual reporting from years 2010 to 2017,  data collected available at WHO e-SPAR database (https://extranet.who.int/e-spar/ ), WHO Global Health Observatory (https://www.who.int/data/gho/data/themes/international-health-regulations-(2005)-monitoring-framework ) and the WHO Strategic Partnership for Health Security and Emergency Preparedness (SPH) Portal (https://extranet.who.int/sph/home )","IHR National Self-Assessment and reports received and available at WHO e-SPAR database (https://extranet.who.int/e-spar/ ), WHO Global Health Observatory (https://www.who.int/data/gho/data/themes/international-health-regulations-(2005)-monitoring-framework ) and  the WHO Strategic Partnership for Health Security and Emergency Preparedness (SPH) Portal (https://extranet.who.int/sph/home )",IHR_05,100
2017,"WHO standard questionaire for IHR Annual reporting from years 2010 to 2017,  data collected available at WHO e-SPAR database (https://extranet.who.int/e-spar/ ), WHO Global Health Observatory (https://www.who.int/data/gho/data/themes/international-health-regulations-(2005)-monitoring-framework ) and the WHO Strategic Partnership for Health Security and Emergency Preparedness (SPH) Portal (https://extranet.who.int/sph/home )","IHR National Self-Assessment and reports received and available at WHO e-SPAR database (https://extranet.who.int/e-spar/ ), WHO Global Health Observatory (https://www.who.int/data/gho/data/themes/international-health-regulations-(2005)-monitoring-framework ) and  the WHO Strategic Partnership for Health Security and Emergency Preparedness (SPH) Portal (https://extranet.who.int/sph/home )",IHR_05,100
2016,"WHO standard questionaire for IHR Annual reporting from years 2010 to 2017,  data collected available at WHO e-SPAR database (https://extranet.who.int/e-spar/ ), WHO Global Health Observatory (https://www.who.int/data/gho/data/themes/international-health-regulations-(2005)-monitoring-framework ) and the WHO Strategic Partnership for Health Security and Emergency Preparedness (SPH) Portal (https://extranet.who.int/sph/home )","IHR National Self-Assessment and reports received and available at WHO e-SPAR database (https://extranet.who.int/e-spar/ ), WHO Global Health Observatory (https://www.who.int/data/gho/data/themes/international-health-regulations-(2005)-monitoring-framework ) and  the WHO Strategic Partnership for Health Security and Emergency Preparedness (SPH) Portal (https://extranet.who.int/sph/home )",IHR_06,100
2017,"WHO standard questionaire for IHR Annual reporting from years 2010 to 2017,  data collected available at WHO e-SPAR database (https://extranet.who.int/e-spar/ ), WHO Global Health Observatory (https://www.who.int/data/gho/data/themes/international-health-regulations-(2005)-monitoring-framework ) and the WHO Strategic Partnership for Health Security and Emergency Preparedness (SPH) Portal (https://extranet.who.int/sph/home )","IHR National Self-Assessment and reports received and available at WHO e-SPAR database (https://extranet.who.int/e-spar/ ), WHO Global Health Observatory (https://www.who.int/data/gho/data/themes/international-health-regulations-(2005)-monitoring-framework ) and  the WHO Strategic Partnership for Health Security and Emergency Preparedness (SPH) Portal (https://extranet.who.int/sph/home )",IHR_06,100
2016,"WHO standard questionaire for IHR Annual reporting from years 2010 to 2017,  data collected available at WHO e-SPAR database (https://extranet.who.int/e-spar/ ), WHO Global Health Observatory (https://www.who.int/data/gho/data/themes/international-health-regulations-(2005)-monitoring-framework ) and the WHO Strategic Partnership for Health Security and Emergency Preparedness (SPH) Portal (https://extranet.who.int/sph/home )","IHR National Self-Assessment and reports received and available at WHO e-SPAR database (https://extranet.who.int/e-spar/ ), WHO Global Health Observatory (https://www.who.int/data/gho/data/themes/international-health-regulations-(2005)-monitoring-framework ) and  the WHO Strategic Partnership for Health Security and Emergency Preparedness (SPH) Portal (https://extranet.who.int/sph/home )",IHR_07,40
2017,"WHO standard questionaire for IHR Annual reporting from years 2010 to 2017,  data collected available at WHO e-SPAR database (https://extranet.who.int/e-spar/ ), WHO Global Health Observatory (https://www.who.int/data/gho/data/themes/international-health-regulations-(2005)-monitoring-framework ) and the WHO Strategic Partnership for Health Security and Emergency Preparedness (SPH) Portal (https://extranet.who.int/sph/home )","IHR National Self-Assessment and reports received and available at WHO e-SPAR database (https://extranet.who.int/e-spar/ ), WHO Global Health Observatory (https://www.who.int/data/gho/data/themes/international-health-regulations-(2005)-monitoring-framework ) and  the WHO Strategic Partnership for Health Security and Emergency Preparedness (SPH) Portal (https://extranet.who.int/sph/home )",IHR_07,40
2016,"WHO standard questionaire for IHR Annual reporting from years 2010 to 2017,  data collected available at WHO e-SPAR database (https://extranet.who.int/e-spar/ ), WHO Global Health Observatory (https://www.who.int/data/gho/data/themes/international-health-regulations-(2005)-monitoring-framework ) and the WHO Strategic Partnership for Health Security and Emergency Preparedness (SPH) Portal (https://extranet.who.int/sph/home )","IHR National Self-Assessment and reports received and available at WHO e-SPAR database (https://extranet.who.int/e-spar/ ), WHO Global Health Observatory (https://www.who.int/data/gho/data/themes/international-health-regulations-(2005)-monitoring-framework ) and  the WHO Strategic Partnership for Health Security and Emergency Preparedness (SPH) Portal (https://extranet.who.int/sph/home )",IHR_08,96
2017,"WHO standard questionaire for IHR Annual reporting from years 2010 to 2017,  data collected available at WHO e-SPAR database (https://extranet.who.int/e-spar/ ), WHO Global Health Observatory (https://www.who.int/data/gho/data/themes/international-health-regulations-(2005)-monitoring-framework ) and the WHO Strategic Partnership for Health Security and Emergency Preparedness (SPH) Portal (https://extranet.who.int/sph/home )","IHR National Self-Assessment and reports received and available at WHO e-SPAR database (https://extranet.who.int/e-spar/ ), WHO Global Health Observatory (https://www.who.int/data/gho/data/themes/international-health-regulations-(2005)-monitoring-framework ) and  the WHO Strategic Partnership for Health Security and Emergency Preparedness (SPH) Portal (https://extranet.who.int/sph/home )",IHR_08,96
2016,"WHO standard questionaire for IHR Annual reporting from years 2010 to 2017,  data collected available at WHO e-SPAR database (https://extranet.who.int/e-spar/ ), WHO Global Health Observatory (https://www.who.int/data/gho/data/themes/international-health-regulations-(2005)-monitoring-framework ) and the WHO Strategic Partnership for Health Security and Emergency Preparedness (SPH) Portal (https://extranet.who.int/sph/home )","IHR National Self-Assessment and reports received and available at WHO e-SPAR database (https://extranet.who.int/e-spar/ ), WHO Global Health Observatory (https://www.who.int/data/gho/data/themes/international-health-regulations-(2005)-monitoring-framework ) and  the WHO Strategic Partnership for Health Security and Emergency Preparedness (SPH) Portal (https://extranet.who.int/sph/home )",IHR_09,54
2017,"WHO standard questionaire for IHR Annual reporting from years 2010 to 2017,  data collected available at WHO e-SPAR database (https://extranet.who.int/e-spar/ ), WHO Global Health Observatory (https://www.who.int/data/gho/data/themes/international-health-regulations-(2005)-monitoring-framework ) and the WHO Strategic Partnership for Health Security and Emergency Preparedness (SPH) Portal (https://extranet.who.int/sph/home )","IHR National Self-Assessment and reports received and available at WHO e-SPAR database (https://extranet.who.int/e-spar/ ), WHO Global Health Observatory (https://www.who.int/data/gho/data/themes/international-health-regulations-(2005)-monitoring-framework ) and  the WHO Strategic Partnership for Health Security and Emergency Preparedness (SPH) Portal (https://extranet.who.int/sph/home )",IHR_09,54
2016,"WHO standard questionaire for IHR Annual reporting from years 2010 to 2017,  data collected available at WHO e-SPAR database (https://extranet.who.int/e-spar/ ), WHO Global Health Observatory (https://www.who.int/data/gho/data/themes/international-health-regulations-(2005)-monitoring-framework ) and the WHO Strategic Partnership for Health Security and Emergency Preparedness (SPH) Portal (https://extranet.who.int/sph/home )","IHR National Self-Assessment and reports received and available at WHO e-SPAR database (https://extranet.who.int/e-spar/ ), WHO Global Health Observatory (https://www.who.int/data/gho/data/themes/international-health-regulations-(2005)-monitoring-framework ) and  the WHO Strategic Partnership for Health Security and Emergency Preparedness (SPH) Portal (https://extranet.who.int/sph/home )",IHR_10,100
2017,"WHO standard questionaire for IHR Annual reporting from years 2010 to 2017,  data collected available at WHO e-SPAR database (https://extranet.who.int/e-spar/ ), WHO Global Health Observatory (https://www.who.int/data/gho/data/themes/international-health-regulations-(2005)-monitoring-framework ) and the WHO Strategic Partnership for Health Security and Emergency Preparedness (SPH) Portal (https://extranet.who.int/sph/home )","IHR National Self-Assessment and reports received and available at WHO e-SPAR database (https://extranet.who.int/e-spar/ ), WHO Global Health Observatory (https://www.who.int/data/gho/data/themes/international-health-regulations-(2005)-monitoring-framework ) and  the WHO Strategic Partnership for Health Security and Emergency Preparedness (SPH) Portal (https://extranet.who.int/sph/home )",IHR_10,100
2016,"WHO standard questionaire for IHR Annual reporting from years 2010 to 2017,  data collected available at WHO e-SPAR database (https://extranet.who.int/e-spar/ ), WHO Global Health Observatory (https://www.who.int/data/gho/data/themes/international-health-regulations-(2005)-monitoring-framework ) and the WHO Strategic Partnership for Health Security and Emergency Preparedness (SPH) Portal (https://extranet.who.int/sph/home )","IHR National Self-Assessment and reports received and available at WHO e-SPAR database (https://extranet.who.int/e-spar/ ), WHO Global Health Observatory (https://www.who.int/data/gho/data/themes/international-health-regulations-(2005)-monitoring-framework ) and  the WHO Strategic Partnership for Health Security and Emergency Preparedness (SPH) Portal (https://extranet.who.int/sph/home )",IHR_11,93
2017,"WHO standard questionaire for IHR Annual reporting from years 2010 to 2017,  data collected available at WHO e-SPAR database (https://extranet.who.int/e-spar/ ), WHO Global Health Observatory (https://www.who.int/data/gho/data/themes/international-health-regulations-(2005)-monitoring-framework ) and the WHO Strategic Partnership for Health Security and Emergency Preparedness (SPH) Portal (https://extranet.who.int/sph/home )","IHR National Self-Assessment and reports received and available at WHO e-SPAR database (https://extranet.who.int/e-spar/ ), WHO Global Health Observatory (https://www.who.int/data/gho/data/themes/international-health-regulations-(2005)-monitoring-framework ) and  the WHO Strategic Partnership for Health Security and Emergency Preparedness (SPH) Portal (https://extranet.who.int/sph/home )",IHR_11,100
2016,"WHO standard questionaire for IHR Annual reporting from years 2010 to 2017,  data collected available at WHO e-SPAR database (https://extranet.who.int/e-spar/ ), WHO Global Health Observatory (https://www.who.int/data/gho/data/themes/international-health-regulations-(2005)-monitoring-framework ) and the WHO Strategic Partnership for Health Security and Emergency Preparedness (SPH) Portal (https://extranet.who.int/sph/home )","IHR National Self-Assessment and reports received and available at WHO e-SPAR database (https://extranet.who.int/e-spar/ ), WHO Global Health Observatory (https://www.who.int/data/gho/data/themes/international-health-regulations-(2005)-monitoring-framework ) and  the WHO Strategic Partnership for Health Security and Emergency Preparedness (SPH) Portal (https://extranet.who.int/sph/home )",IHR_12,92
2017,"WHO standard questionaire for IHR Annual reporting from years 2010 to 2017,  data collected available at WHO e-SPAR database (https://extranet.who.int/e-spar/ ), WHO Global Health Observatory (https://www.who.int/data/gho/data/themes/international-health-regulations-(2005)-monitoring-framework ) and the WHO Strategic Partnership for Health Security and Emergency Preparedness (SPH) Portal (https://extranet.who.int/sph/home )","IHR National Self-Assessment and reports received and available at WHO e-SPAR database (https://extranet.who.int/e-spar/ ), WHO Global Health Observatory (https://www.who.int/data/gho/data/themes/international-health-regulations-(2005)-monitoring-framework ) and  the WHO Strategic Partnership for Health Security and Emergency Preparedness (SPH) Portal (https://extranet.who.int/sph/home )",IHR_12,92
2016,"WHO standard questionaire for IHR Annual reporting from years 2010 to 2017,  data collected available at WHO e-SPAR database (https://extranet.who.int/e-spar/ ), WHO Global Health Observatory (https://www.who.int/data/gho/data/themes/international-health-regulations-(2005)-monitoring-framework ) and the WHO Strategic Partnership for Health Security and Emergency Preparedness (SPH) Portal (https://extranet.who.int/sph/home )","IHR National Self-Assessment and reports received and available at WHO e-SPAR database (https://extranet.who.int/e-spar/ ), WHO Global Health Observatory (https://www.who.int/data/gho/data/themes/international-health-regulations-(2005)-monitoring-framework ) and  the WHO Strategic Partnership for Health Security and Emergency Preparedness (SPH) Portal (https://extranet.who.int/sph/home )",IHR_13,100
2017,"WHO standard questionaire for IHR Annual reporting from years 2010 to 2017,  data collected available at WHO e-SPAR database (https://extranet.who.int/e-spar/ ), WHO Global Health Observatory (https://www.who.int/data/gho/data/themes/international-health-regulations-(2005)-monitoring-framework ) and the WHO Strategic Partnership for Health Security and Emergency Preparedness (SPH) Portal (https://extranet.who.int/sph/home )","IHR National Self-Assessment and reports received and available at WHO e-SPAR database (https://extranet.who.int/e-spar/ ), WHO Global Health Observatory (https://www.who.int/data/gho/data/themes/international-health-regulations-(2005)-monitoring-framework ) and  the WHO Strategic Partnership for Health Security and Emergency Preparedness (SPH) Portal (https://extranet.who.int/sph/home )",IHR_13,100
2018,"SPAR new questionaire for IHR Annual reporting from year 2018, the capacities had changed and available at WHO e-SPAR database (https://extranet.who.int/e-spar/ ) and disseminated to WHO Global Health Observatory (https://www.who.int/data/gho/data/themes/international-health-regulations-(2005)-monitoring-framework ) and the WHO Strategic Partnership for Health Security and Emergency Preparedness (SPH) Portal (https://extranet.who.int/sph/home )",IHR National Self-Assessment and reports received and registered at WHO e-SPAR database (https://extranet.who.int/e-spar/ ) ,SPAR_01,100
2019,"SPAR new questionaire for IHR Annual reporting from year 2018, the capacities had changed and available at WHO e-SPAR database (https://extranet.who.int/e-spar/ ) and disseminated to WHO Global Health Observatory (https://www.who.int/data/gho/data/themes/international-health-regulations-(2005)-monitoring-framework ) and the WHO Strategic Partnership for Health Security and Emergency Preparedness (SPH) Portal (https://extranet.who.int/sph/home )",IHR National Self-Assessment and reports received and registered at WHO e-SPAR database (https://extranet.who.int/e-spar/ ) ,SPAR_01,100
2020,"SPAR new questionaire for IHR Annual reporting from year 2018, the capacities had changed and available at WHO e-SPAR database (https://extranet.who.int/e-spar/ ) and disseminated to WHO Global Health Observatory (https://www.who.int/data/gho/data/themes/international-health-regulations-(2005)-monitoring-framework ) and the WHO Strategic Partnership for Health Security and Emergency Preparedness (SPH) Portal (https://extranet.who.int/sph/home )",IHR National Self-Assessment and reports received and registered at WHO e-SPAR database (https://extranet.who.int/e-spar/ ) ,SPAR_01,100
2018,"SPAR new questionaire for IHR Annual reporting from year 2018, the capacities had changed and available at WHO e-SPAR database (https://extranet.who.int/e-spar/ ) and disseminated to WHO Global Health Observatory (https://www.who.int/data/gho/data/themes/international-health-regulations-(2005)-monitoring-framework ) and the WHO Strategic Partnership for Health Security and Emergency Preparedness (SPH) Portal (https://extranet.who.int/sph/home )",IHR National Self-Assessment and reports received and registered at WHO e-SPAR database (https://extranet.who.int/e-spar/ ) ,SPAR_02,90
2019,"SPAR new questionaire for IHR Annual reporting from year 2018, the capacities had changed and available at WHO e-SPAR database (https://extranet.who.int/e-spar/ ) and disseminated to WHO Global Health Observatory (https://www.who.int/data/gho/data/themes/international-health-regulations-(2005)-monitoring-framework ) and the WHO Strategic Partnership for Health Security and Emergency Preparedness (SPH) Portal (https://extranet.who.int/sph/home )",IHR National Self-Assessment and reports received and registered at WHO e-SPAR database (https://extranet.who.int/e-spar/ ) ,SPAR_02,90
2020,"SPAR new questionaire for IHR Annual reporting from year 2018, the capacities had changed and available at WHO e-SPAR database (https://extranet.who.int/e-spar/ ) and disseminated to WHO Global Health Observatory (https://www.who.int/data/gho/data/themes/international-health-regulations-(2005)-monitoring-framework ) and the WHO Strategic Partnership for Health Security and Emergency Preparedness (SPH) Portal (https://extranet.who.int/sph/home )",IHR National Self-Assessment and reports received and registered at WHO e-SPAR database (https://extranet.who.int/e-spar/ ) ,SPAR_02,90
2018,"SPAR new questionaire for IHR Annual reporting from year 2018, the capacities had changed and available at WHO e-SPAR database (https://extranet.who.int/e-spar/ ) and disseminated to WHO Global Health Observatory (https://www.who.int/data/gho/data/themes/international-health-regulations-(2005)-monitoring-framework ) and the WHO Strategic Partnership for Health Security and Emergency Preparedness (SPH) Portal (https://extranet.who.int/sph/home )",IHR National Self-Assessment and reports received and registered at WHO e-SPAR database (https://extranet.who.int/e-spar/ ) ,SPAR_03,100
2019,"SPAR new questionaire for IHR Annual reporting from year 2018, the capacities had changed and available at WHO e-SPAR database (https://extranet.who.int/e-spar/ ) and disseminated to WHO Global Health Observatory (https://www.who.int/data/gho/data/themes/international-health-regulations-(2005)-monitoring-framework ) and the WHO Strategic Partnership for Health Security and Emergency Preparedness (SPH) Portal (https://extranet.who.int/sph/home )",IHR National Self-Assessment and reports received and registered at WHO e-SPAR database (https://extranet.who.int/e-spar/ ) ,SPAR_03,100
2020,"SPAR new questionaire for IHR Annual reporting from year 2018, the capacities had changed and available at WHO e-SPAR database (https://extranet.who.int/e-spar/ ) and disseminated to WHO Global Health Observatory (https://www.who.int/data/gho/data/themes/international-health-regulations-(2005)-monitoring-framework ) and the WHO Strategic Partnership for Health Security and Emergency Preparedness (SPH) Portal (https://extranet.who.int/sph/home )",IHR National Self-Assessment and reports received and registered at WHO e-SPAR database (https://extranet.who.int/e-spar/ ) ,SPAR_03,100
2018,"SPAR new questionaire for IHR Annual reporting from year 2018, the capacities had changed and available at WHO e-SPAR database (https://extranet.who.int/e-spar/ ) and disseminated to WHO Global Health Observatory (https://www.who.int/data/gho/data/themes/international-health-regulations-(2005)-monitoring-framework ) and the WHO Strategic Partnership for Health Security and Emergency Preparedness (SPH) Portal (https://extranet.who.int/sph/home )",IHR National Self-Assessment and reports received and registered at WHO e-SPAR database (https://extranet.who.int/e-spar/ ) ,SPAR_04,100
2019,"SPAR new questionaire for IHR Annual reporting from year 2018, the capacities had changed and available at WHO e-SPAR database (https://extranet.who.int/e-spar/ ) and disseminated to WHO Global Health Observatory (https://www.who.int/data/gho/data/themes/international-health-regulations-(2005)-monitoring-framework ) and the WHO Strategic Partnership for Health Security and Emergency Preparedness (SPH) Portal (https://extranet.who.int/sph/home )",IHR National Self-Assessment and reports received and registered at WHO e-SPAR database (https://extranet.who.int/e-spar/ ) ,SPAR_04,100
2020,"SPAR new questionaire for IHR Annual reporting from year 2018, the capacities had changed and available at WHO e-SPAR database (https://extranet.who.int/e-spar/ ) and disseminated to WHO Global Health Observatory (https://www.who.int/data/gho/data/themes/international-health-regulations-(2005)-monitoring-framework ) and the WHO Strategic Partnership for Health Security and Emergency Preparedness (SPH) Portal (https://extranet.who.int/sph/home )",IHR National Self-Assessment and reports received and registered at WHO e-SPAR database (https://extranet.who.int/e-spar/ ) ,SPAR_04,100
2018,"SPAR new questionaire for IHR Annual reporting from year 2018, the capacities had changed and available at WHO e-SPAR database (https://extranet.who.int/e-spar/ ) and disseminated to WHO Global Health Observatory (https://www.who.int/data/gho/data/themes/international-health-regulations-(2005)-monitoring-framework ) and the WHO Strategic Partnership for Health Security and Emergency Preparedness (SPH) Portal (https://extranet.who.int/sph/home )",IHR National Self-Assessment and reports received and registered at WHO e-SPAR database (https://extranet.who.int/e-spar/ ) ,SPAR_05,100
2019,"SPAR new questionaire for IHR Annual reporting from year 2018, the capacities had changed and available at WHO e-SPAR database (https://extranet.who.int/e-spar/ ) and disseminated to WHO Global Health Observatory (https://www.who.int/data/gho/data/themes/international-health-regulations-(2005)-monitoring-framework ) and the WHO Strategic Partnership for Health Security and Emergency Preparedness (SPH) Portal (https://extranet.who.int/sph/home )",IHR National Self-Assessment and reports received and registered at WHO e-SPAR database (https://extranet.who.int/e-spar/ ) ,SPAR_05,100
2020,"SPAR new questionaire for IHR Annual reporting from year 2018, the capacities had changed and available at WHO e-SPAR database (https://extranet.who.int/e-spar/ ) and disseminated to WHO Global Health Observatory (https://www.who.int/data/gho/data/themes/international-health-regulations-(2005)-monitoring-framework ) and the WHO Strategic Partnership for Health Security and Emergency Preparedness (SPH) Portal (https://extranet.who.int/sph/home )",IHR National Self-Assessment and reports received and registered at WHO e-SPAR database (https://extranet.who.int/e-spar/ ) ,SPAR_05,100
2018,"SPAR new questionaire for IHR Annual reporting from year 2018, the capacities had changed and available at WHO e-SPAR database (https://extranet.who.int/e-spar/ ) and disseminated to WHO Global Health Observatory (https://www.who.int/data/gho/data/themes/international-health-regulations-(2005)-monitoring-framework ) and the WHO Strategic Partnership for Health Security and Emergency Preparedness (SPH) Portal (https://extranet.who.int/sph/home )",IHR National Self-Assessment and reports received and registered at WHO e-SPAR database (https://extranet.who.int/e-spar/ ) ,SPAR_06,100
2019,"SPAR new questionaire for IHR Annual reporting from year 2018, the capacities had changed and available at WHO e-SPAR database (https://extranet.who.int/e-spar/ ) and disseminated to WHO Global Health Observatory (https://www.who.int/data/gho/data/themes/international-health-regulations-(2005)-monitoring-framework ) and the WHO Strategic Partnership for Health Security and Emergency Preparedness (SPH) Portal (https://extranet.who.int/sph/home )",IHR National Self-Assessment and reports received and registered at WHO e-SPAR database (https://extranet.who.int/e-spar/ ) ,SPAR_06,100
2020,"SPAR new questionaire for IHR Annual reporting from year 2018, the capacities had changed and available at WHO e-SPAR database (https://extranet.who.int/e-spar/ ) and disseminated to WHO Global Health Observatory (https://www.who.int/data/gho/data/themes/international-health-regulations-(2005)-monitoring-framework ) and the WHO Strategic Partnership for Health Security and Emergency Preparedness (SPH) Portal (https://extranet.who.int/sph/home )",IHR National Self-Assessment and reports received and registered at WHO e-SPAR database (https://extranet.who.int/e-spar/ ) ,SPAR_06,100
2018,"SPAR new questionaire for IHR Annual reporting from year 2018, the capacities had changed and available at WHO e-SPAR database (https://extranet.who.int/e-spar/ ) and disseminated to WHO Global Health Observatory (https://www.who.int/data/gho/data/themes/international-health-regulations-(2005)-monitoring-framework ) and the WHO Strategic Partnership for Health Security and Emergency Preparedness (SPH) Portal (https://extranet.who.int/sph/home )",IHR National Self-Assessment and reports received and registered at WHO e-SPAR database (https://extranet.who.int/e-spar/ ) ,SPAR_07,100
2019,"SPAR new questionaire for IHR Annual reporting from year 2018, the capacities had changed and available at WHO e-SPAR database (https://extranet.who.int/e-spar/ ) and disseminated to WHO Global Health Observatory (https://www.who.int/data/gho/data/themes/international-health-regulations-(2005)-monitoring-framework ) and the WHO Strategic Partnership for Health Security and Emergency Preparedness (SPH) Portal (https://extranet.who.int/sph/home )",IHR National Self-Assessment and reports received and registered at WHO e-SPAR database (https://extranet.who.int/e-spar/ ) ,SPAR_07,100
2020,"SPAR new questionaire for IHR Annual reporting from year 2018, the capacities had changed and available at WHO e-SPAR database (https://extranet.who.int/e-spar/ ) and disseminated to WHO Global Health Observatory (https://www.who.int/data/gho/data/themes/international-health-regulations-(2005)-monitoring-framework ) and the WHO Strategic Partnership for Health Security and Emergency Preparedness (SPH) Portal (https://extranet.who.int/sph/home )",IHR National Self-Assessment and reports received and registered at WHO e-SPAR database (https://extranet.who.int/e-spar/ ) ,SPAR_07,100
2018,"SPAR new questionaire for IHR Annual reporting from year 2018, the capacities had changed and available at WHO e-SPAR database (https://extranet.who.int/e-spar/ ) and disseminated to WHO Global Health Observatory (https://www.who.int/data/gho/data/themes/international-health-regulations-(2005)-monitoring-framework ) and the WHO Strategic Partnership for Health Security and Emergency Preparedness (SPH) Portal (https://extranet.who.int/sph/home )",IHR National Self-Assessment and reports received and registered at WHO e-SPAR database (https://extranet.who.int/e-spar/ ) ,SPAR_08,100
2019,"SPAR new questionaire for IHR Annual reporting from year 2018, the capacities had changed and available at WHO e-SPAR database (https://extranet.who.int/e-spar/ ) and disseminated to WHO Global Health Observatory (https://www.who.int/data/gho/data/themes/international-health-regulations-(2005)-monitoring-framework ) and the WHO Strategic Partnership for Health Security and Emergency Preparedness (SPH) Portal (https://extranet.who.int/sph/home )",IHR National Self-Assessment and reports received and registered at WHO e-SPAR database (https://extranet.who.int/e-spar/ ) ,SPAR_08,100
2020,"SPAR new questionaire for IHR Annual reporting from year 2018, the capacities had changed and available at WHO e-SPAR database (https://extranet.who.int/e-spar/ ) and disseminated to WHO Global Health Observatory (https://www.who.int/data/gho/data/themes/international-health-regulations-(2005)-monitoring-framework ) and the WHO Strategic Partnership for Health Security and Emergency Preparedness (SPH) Portal (https://extranet.who.int/sph/home )",IHR National Self-Assessment and reports received and registered at WHO e-SPAR database (https://extranet.who.int/e-spar/ ) ,SPAR_08,100
2018,"SPAR new questionaire for IHR Annual reporting from year 2018, the capacities had changed and available at WHO e-SPAR database (https://extranet.who.int/e-spar/ ) and disseminated to WHO Global Health Observatory (https://www.who.int/data/gho/data/themes/international-health-regulations-(2005)-monitoring-framework ) and the WHO Strategic Partnership for Health Security and Emergency Preparedness (SPH) Portal (https://extranet.who.int/sph/home )",IHR National Self-Assessment and reports received and registered at WHO e-SPAR database (https://extranet.who.int/e-spar/ ) ,SPAR_09,100
2019,"SPAR new questionaire for IHR Annual reporting from year 2018, the capacities had changed and available at WHO e-SPAR database (https://extranet.who.int/e-spar/ ) and disseminated to WHO Global Health Observatory (https://www.who.int/data/gho/data/themes/international-health-regulations-(2005)-monitoring-framework ) and the WHO Strategic Partnership for Health Security and Emergency Preparedness (SPH) Portal (https://extranet.who.int/sph/home )",IHR National Self-Assessment and reports received and registered at WHO e-SPAR database (https://extranet.who.int/e-spar/ ) ,SPAR_09,100
2020,"SPAR new questionaire for IHR Annual reporting from year 2018, the capacities had changed and available at WHO e-SPAR database (https://extranet.who.int/e-spar/ ) and disseminated to WHO Global Health Observatory (https://www.who.int/data/gho/data/themes/international-health-regulations-(2005)-monitoring-framework ) and the WHO Strategic Partnership for Health Security and Emergency Preparedness (SPH) Portal (https://extranet.who.int/sph/home )",IHR National Self-Assessment and reports received and registered at WHO e-SPAR database (https://extranet.who.int/e-spar/ ) ,SPAR_09,100
2018,"SPAR new questionaire for IHR Annual reporting from year 2018, the capacities had changed and available at WHO e-SPAR database (https://extranet.who.int/e-spar/ ) and disseminated to WHO Global Health Observatory (https://www.who.int/data/gho/data/themes/international-health-regulations-(2005)-monitoring-framework ) and the WHO Strategic Partnership for Health Security and Emergency Preparedness (SPH) Portal (https://extranet.who.int/sph/home )",IHR National Self-Assessment and reports received and registered at WHO e-SPAR database (https://extranet.who.int/e-spar/ ) ,SPAR_10,100
2019,"SPAR new questionaire for IHR Annual reporting from year 2018, the capacities had changed and available at WHO e-SPAR database (https://extranet.who.int/e-spar/ ) and disseminated to WHO Global Health Observatory (https://www.who.int/data/gho/data/themes/international-health-regulations-(2005)-monitoring-framework ) and the WHO Strategic Partnership for Health Security and Emergency Preparedness (SPH) Portal (https://extranet.who.int/sph/home )",IHR National Self-Assessment and reports received and registered at WHO e-SPAR database (https://extranet.who.int/e-spar/ ) ,SPAR_10,100
2020,"SPAR new questionaire for IHR Annual reporting from year 2018, the capacities had changed and available at WHO e-SPAR database (https://extranet.who.int/e-spar/ ) and disseminated to WHO Global Health Observatory (https://www.who.int/data/gho/data/themes/international-health-regulations-(2005)-monitoring-framework ) and the WHO Strategic Partnership for Health Security and Emergency Preparedness (SPH) Portal (https://extranet.who.int/sph/home )",IHR National Self-Assessment and reports received and registered at WHO e-SPAR database (https://extranet.who.int/e-spar/ ) ,SPAR_10,100
2018,"SPAR new questionaire for IHR Annual reporting from year 2018, the capacities had changed and available at WHO e-SPAR database (https://extranet.who.int/e-spar/ ) and disseminated to WHO Global Health Observatory (https://www.who.int/data/gho/data/themes/international-health-regulations-(2005)-monitoring-framework ) and the WHO Strategic Partnership for Health Security and Emergency Preparedness (SPH) Portal (https://extranet.who.int/sph/home )",IHR National Self-Assessment and reports received and registered at WHO e-SPAR database (https://extranet.who.int/e-spar/ ) ,SPAR_11,40
2019,"SPAR new questionaire for IHR Annual reporting from year 2018, the capacities had changed and available at WHO e-SPAR database (https://extranet.who.int/e-spar/ ) and disseminated to WHO Global Health Observatory (https://www.who.int/data/gho/data/themes/international-health-regulations-(2005)-monitoring-framework ) and the WHO Strategic Partnership for Health Security and Emergency Preparedness (SPH) Portal (https://extranet.who.int/sph/home )",IHR National Self-Assessment and reports received and registered at WHO e-SPAR database (https://extranet.who.int/e-spar/ ) ,SPAR_11,40
2020,"SPAR new questionaire for IHR Annual reporting from year 2018, the capacities had changed and available at WHO e-SPAR database (https://extranet.who.int/e-spar/ ) and disseminated to WHO Global Health Observatory (https://www.who.int/data/gho/data/themes/international-health-regulations-(2005)-monitoring-framework ) and the WHO Strategic Partnership for Health Security and Emergency Preparedness (SPH) Portal (https://extranet.who.int/sph/home )",IHR National Self-Assessment and reports received and registered at WHO e-SPAR database (https://extranet.who.int/e-spar/ ) ,SPAR_11,60
2018,"SPAR new questionaire for IHR Annual reporting from year 2018, the capacities had changed and available at WHO e-SPAR database (https://extranet.who.int/e-spar/ ) and disseminated to WHO Global Health Observatory (https://www.who.int/data/gho/data/themes/international-health-regulations-(2005)-monitoring-framework ) and the WHO Strategic Partnership for Health Security and Emergency Preparedness (SPH) Portal (https://extranet.who.int/sph/home )",IHR National Self-Assessment and reports received and registered at WHO e-SPAR database (https://extranet.who.int/e-spar/ ) ,SPAR_12,80
2019,"SPAR new questionaire for IHR Annual reporting from year 2018, the capacities had changed and available at WHO e-SPAR database (https://extranet.who.int/e-spar/ ) and disseminated to WHO Global Health Observatory (https://www.who.int/data/gho/data/themes/international-health-regulations-(2005)-monitoring-framework ) and the WHO Strategic Partnership for Health Security and Emergency Preparedness (SPH) Portal (https://extranet.who.int/sph/home )",IHR National Self-Assessment and reports received and registered at WHO e-SPAR database (https://extranet.who.int/e-spar/ ) ,SPAR_12,80
2020,"SPAR new questionaire for IHR Annual reporting from year 2018, the capacities had changed and available at WHO e-SPAR database (https://extranet.who.int/e-spar/ ) and disseminated to WHO Global Health Observatory (https://www.who.int/data/gho/data/themes/international-health-regulations-(2005)-monitoring-framework ) and the WHO Strategic Partnership for Health Security and Emergency Preparedness (SPH) Portal (https://extranet.who.int/sph/home )",IHR National Self-Assessment and reports received and registered at WHO e-SPAR database (https://extranet.who.int/e-spar/ ) ,SPAR_12,80
2018,"SPAR new questionaire for IHR Annual reporting from year 2018, the capacities had changed and available at WHO e-SPAR database (https://extranet.who.int/e-spar/ ) and disseminated to WHO Global Health Observatory (https://www.who.int/data/gho/data/themes/international-health-regulations-(2005)-monitoring-framework ) and the WHO Strategic Partnership for Health Security and Emergency Preparedness (SPH) Portal (https://extranet.who.int/sph/home )",IHR National Self-Assessment and reports received and registered at WHO e-SPAR database (https://extranet.who.int/e-spar/ ) ,SPAR_13,100
2019,"SPAR new questionaire for IHR Annual reporting from year 2018, the capacities had changed and available at WHO e-SPAR database (https://extranet.who.int/e-spar/ ) and disseminated to WHO Global Health Observatory (https://www.who.int/data/gho/data/themes/international-health-regulations-(2005)-monitoring-framework ) and the WHO Strategic Partnership for Health Security and Emergency Preparedness (SPH) Portal (https://extranet.who.int/sph/home )",IHR National Self-Assessment and reports received and registered at WHO e-SPAR database (https://extranet.who.int/e-spar/ ) ,SPAR_13,100
2020,"SPAR new questionaire for IHR Annual reporting from year 2018, the capacities had changed and available at WHO e-SPAR database (https://extranet.who.int/e-spar/ ) and disseminated to WHO Global Health Observatory (https://www.who.int/data/gho/data/themes/international-health-regulations-(2005)-monitoring-framework ) and the WHO Strategic Partnership for Health Security and Emergency Preparedness (SPH) Portal (https://extranet.who.int/sph/home )",IHR National Self-Assessment and reports received and registered at WHO e-SPAR database (https://extranet.who.int/e-spar/ ) ,SPAR_13,100
